"","Year","Country","Number","Type"
"1",1945,"China",0,"Warhead Stockpiles"
"2",1945,"France",0,"Warhead Stockpiles"
"3",1945,"India",0,"Warhead Stockpiles"
"4",1945,"Israel",0,"Warhead Stockpiles"
"5",1945,"North Korea",0,"Warhead Stockpiles"
"6",1945,"Pakistan",0,"Warhead Stockpiles"
"7",1945,"Russia",0,"Warhead Stockpiles"
"8",1945,"South Africa",0,"Warhead Stockpiles"
"9",1945,"United Kingdom",0,"Warhead Stockpiles"
"10",1945,"United States",2,"Warhead Stockpiles"
"11",1945,"China",0,"Nuclear Tests"
"12",1945,"France",0,"Nuclear Tests"
"13",1945,"India",0,"Nuclear Tests"
"14",1945,"North Korea",0,"Nuclear Tests"
"15",1945,"Pakistan",0,"Nuclear Tests"
"16",1945,"Russia",0,"Nuclear Tests"
"17",1945,"United Kingdom",0,"Nuclear Tests"
"18",1945,"United States",1,"Nuclear Tests"
"19",1946,"China",0,"Warhead Stockpiles"
"20",1946,"France",0,"Warhead Stockpiles"
"21",1946,"India",0,"Warhead Stockpiles"
"22",1946,"Israel",0,"Warhead Stockpiles"
"23",1946,"North Korea",0,"Warhead Stockpiles"
"24",1946,"Pakistan",0,"Warhead Stockpiles"
"25",1946,"Russia",0,"Warhead Stockpiles"
"26",1946,"South Africa",0,"Warhead Stockpiles"
"27",1946,"United Kingdom",0,"Warhead Stockpiles"
"28",1946,"United States",9,"Warhead Stockpiles"
"29",1946,"China",0,"Nuclear Tests"
"30",1946,"France",0,"Nuclear Tests"
"31",1946,"India",0,"Nuclear Tests"
"32",1946,"North Korea",0,"Nuclear Tests"
"33",1946,"Pakistan",0,"Nuclear Tests"
"34",1946,"Russia",0,"Nuclear Tests"
"35",1946,"United Kingdom",0,"Nuclear Tests"
"36",1946,"United States",2,"Nuclear Tests"
"37",1947,"China",0,"Warhead Stockpiles"
"38",1947,"France",0,"Warhead Stockpiles"
"39",1947,"India",0,"Warhead Stockpiles"
"40",1947,"Israel",0,"Warhead Stockpiles"
"41",1947,"North Korea",0,"Warhead Stockpiles"
"42",1947,"Pakistan",0,"Warhead Stockpiles"
"43",1947,"Russia",0,"Warhead Stockpiles"
"44",1947,"South Africa",0,"Warhead Stockpiles"
"45",1947,"United Kingdom",0,"Warhead Stockpiles"
"46",1947,"United States",13,"Warhead Stockpiles"
"47",1947,"China",0,"Nuclear Tests"
"48",1947,"France",0,"Nuclear Tests"
"49",1947,"India",0,"Nuclear Tests"
"50",1947,"North Korea",0,"Nuclear Tests"
"51",1947,"Pakistan",0,"Nuclear Tests"
"52",1947,"Russia",0,"Nuclear Tests"
"53",1947,"United Kingdom",0,"Nuclear Tests"
"54",1947,"United States",0,"Nuclear Tests"
"55",1948,"China",0,"Warhead Stockpiles"
"56",1948,"France",0,"Warhead Stockpiles"
"57",1948,"India",0,"Warhead Stockpiles"
"58",1948,"Israel",0,"Warhead Stockpiles"
"59",1948,"North Korea",0,"Warhead Stockpiles"
"60",1948,"Pakistan",0,"Warhead Stockpiles"
"61",1948,"Russia",0,"Warhead Stockpiles"
"62",1948,"South Africa",0,"Warhead Stockpiles"
"63",1948,"United Kingdom",0,"Warhead Stockpiles"
"64",1948,"United States",50,"Warhead Stockpiles"
"65",1948,"China",0,"Nuclear Tests"
"66",1948,"France",0,"Nuclear Tests"
"67",1948,"India",0,"Nuclear Tests"
"68",1948,"North Korea",0,"Nuclear Tests"
"69",1948,"Pakistan",0,"Nuclear Tests"
"70",1948,"Russia",0,"Nuclear Tests"
"71",1948,"United Kingdom",0,"Nuclear Tests"
"72",1948,"United States",3,"Nuclear Tests"
"73",1949,"China",0,"Warhead Stockpiles"
"74",1949,"France",0,"Warhead Stockpiles"
"75",1949,"India",0,"Warhead Stockpiles"
"76",1949,"Israel",0,"Warhead Stockpiles"
"77",1949,"North Korea",0,"Warhead Stockpiles"
"78",1949,"Pakistan",0,"Warhead Stockpiles"
"79",1949,"Russia",1,"Warhead Stockpiles"
"80",1949,"South Africa",0,"Warhead Stockpiles"
"81",1949,"United Kingdom",0,"Warhead Stockpiles"
"82",1949,"United States",170,"Warhead Stockpiles"
"83",1949,"China",0,"Nuclear Tests"
"84",1949,"France",0,"Nuclear Tests"
"85",1949,"India",0,"Nuclear Tests"
"86",1949,"North Korea",0,"Nuclear Tests"
"87",1949,"Pakistan",0,"Nuclear Tests"
"88",1949,"Russia",1,"Nuclear Tests"
"89",1949,"United Kingdom",0,"Nuclear Tests"
"90",1949,"United States",0,"Nuclear Tests"
"91",1950,"China",0,"Warhead Stockpiles"
"92",1950,"France",0,"Warhead Stockpiles"
"93",1950,"India",0,"Warhead Stockpiles"
"94",1950,"Israel",0,"Warhead Stockpiles"
"95",1950,"North Korea",0,"Warhead Stockpiles"
"96",1950,"Pakistan",0,"Warhead Stockpiles"
"97",1950,"Russia",5,"Warhead Stockpiles"
"98",1950,"South Africa",0,"Warhead Stockpiles"
"99",1950,"United Kingdom",0,"Warhead Stockpiles"
"100",1950,"United States",299,"Warhead Stockpiles"
"101",1950,"China",0,"Nuclear Tests"
"102",1950,"France",0,"Nuclear Tests"
"103",1950,"India",0,"Nuclear Tests"
"104",1950,"North Korea",0,"Nuclear Tests"
"105",1950,"Pakistan",0,"Nuclear Tests"
"106",1950,"Russia",0,"Nuclear Tests"
"107",1950,"United Kingdom",0,"Nuclear Tests"
"108",1950,"United States",0,"Nuclear Tests"
"109",1951,"China",0,"Warhead Stockpiles"
"110",1951,"France",0,"Warhead Stockpiles"
"111",1951,"India",0,"Warhead Stockpiles"
"112",1951,"Israel",0,"Warhead Stockpiles"
"113",1951,"North Korea",0,"Warhead Stockpiles"
"114",1951,"Pakistan",0,"Warhead Stockpiles"
"115",1951,"Russia",25,"Warhead Stockpiles"
"116",1951,"South Africa",0,"Warhead Stockpiles"
"117",1951,"United Kingdom",0,"Warhead Stockpiles"
"118",1951,"United States",438,"Warhead Stockpiles"
"119",1951,"China",0,"Nuclear Tests"
"120",1951,"France",0,"Nuclear Tests"
"121",1951,"India",0,"Nuclear Tests"
"122",1951,"North Korea",0,"Nuclear Tests"
"123",1951,"Pakistan",0,"Nuclear Tests"
"124",1951,"Russia",2,"Nuclear Tests"
"125",1951,"United Kingdom",0,"Nuclear Tests"
"126",1951,"United States",16,"Nuclear Tests"
"127",1952,"China",0,"Warhead Stockpiles"
"128",1952,"France",0,"Warhead Stockpiles"
"129",1952,"India",0,"Warhead Stockpiles"
"130",1952,"Israel",0,"Warhead Stockpiles"
"131",1952,"North Korea",0,"Warhead Stockpiles"
"132",1952,"Pakistan",0,"Warhead Stockpiles"
"133",1952,"Russia",50,"Warhead Stockpiles"
"134",1952,"South Africa",0,"Warhead Stockpiles"
"135",1952,"United Kingdom",0,"Warhead Stockpiles"
"136",1952,"United States",841,"Warhead Stockpiles"
"137",1952,"China",0,"Nuclear Tests"
"138",1952,"France",0,"Nuclear Tests"
"139",1952,"India",0,"Nuclear Tests"
"140",1952,"North Korea",0,"Nuclear Tests"
"141",1952,"Pakistan",0,"Nuclear Tests"
"142",1952,"Russia",0,"Nuclear Tests"
"143",1952,"United Kingdom",1,"Nuclear Tests"
"144",1952,"United States",10,"Nuclear Tests"
"145",1953,"China",0,"Warhead Stockpiles"
"146",1953,"France",0,"Warhead Stockpiles"
"147",1953,"India",0,"Warhead Stockpiles"
"148",1953,"Israel",0,"Warhead Stockpiles"
"149",1953,"North Korea",0,"Warhead Stockpiles"
"150",1953,"Pakistan",0,"Warhead Stockpiles"
"151",1953,"Russia",120,"Warhead Stockpiles"
"152",1953,"South Africa",0,"Warhead Stockpiles"
"153",1953,"United Kingdom",1,"Warhead Stockpiles"
"154",1953,"United States",1169,"Warhead Stockpiles"
"155",1953,"China",0,"Nuclear Tests"
"156",1953,"France",0,"Nuclear Tests"
"157",1953,"India",0,"Nuclear Tests"
"158",1953,"North Korea",0,"Nuclear Tests"
"159",1953,"Pakistan",0,"Nuclear Tests"
"160",1953,"Russia",5,"Nuclear Tests"
"161",1953,"United Kingdom",2,"Nuclear Tests"
"162",1953,"United States",11,"Nuclear Tests"
"163",1954,"China",0,"Warhead Stockpiles"
"164",1954,"France",0,"Warhead Stockpiles"
"165",1954,"India",0,"Warhead Stockpiles"
"166",1954,"Israel",0,"Warhead Stockpiles"
"167",1954,"North Korea",0,"Warhead Stockpiles"
"168",1954,"Pakistan",0,"Warhead Stockpiles"
"169",1954,"Russia",150,"Warhead Stockpiles"
"170",1954,"South Africa",0,"Warhead Stockpiles"
"171",1954,"United Kingdom",5,"Warhead Stockpiles"
"172",1954,"United States",1703,"Warhead Stockpiles"
"173",1954,"China",0,"Nuclear Tests"
"174",1954,"France",0,"Nuclear Tests"
"175",1954,"India",0,"Nuclear Tests"
"176",1954,"North Korea",0,"Nuclear Tests"
"177",1954,"Pakistan",0,"Nuclear Tests"
"178",1954,"Russia",10,"Nuclear Tests"
"179",1954,"United Kingdom",0,"Nuclear Tests"
"180",1954,"United States",6,"Nuclear Tests"
"181",1955,"China",0,"Warhead Stockpiles"
"182",1955,"France",0,"Warhead Stockpiles"
"183",1955,"India",0,"Warhead Stockpiles"
"184",1955,"Israel",0,"Warhead Stockpiles"
"185",1955,"North Korea",0,"Warhead Stockpiles"
"186",1955,"Pakistan",0,"Warhead Stockpiles"
"187",1955,"Russia",200,"Warhead Stockpiles"
"188",1955,"South Africa",0,"Warhead Stockpiles"
"189",1955,"United Kingdom",10,"Warhead Stockpiles"
"190",1955,"United States",2422,"Warhead Stockpiles"
"191",1955,"China",0,"Nuclear Tests"
"192",1955,"France",0,"Nuclear Tests"
"193",1955,"India",0,"Nuclear Tests"
"194",1955,"North Korea",0,"Nuclear Tests"
"195",1955,"Pakistan",0,"Nuclear Tests"
"196",1955,"Russia",6,"Nuclear Tests"
"197",1955,"United Kingdom",0,"Nuclear Tests"
"198",1955,"United States",18,"Nuclear Tests"
"199",1956,"China",0,"Warhead Stockpiles"
"200",1956,"France",0,"Warhead Stockpiles"
"201",1956,"India",0,"Warhead Stockpiles"
"202",1956,"Israel",0,"Warhead Stockpiles"
"203",1956,"North Korea",0,"Warhead Stockpiles"
"204",1956,"Pakistan",0,"Warhead Stockpiles"
"205",1956,"Russia",426,"Warhead Stockpiles"
"206",1956,"South Africa",0,"Warhead Stockpiles"
"207",1956,"United Kingdom",50,"Warhead Stockpiles"
"208",1956,"United States",3692,"Warhead Stockpiles"
"209",1956,"China",0,"Nuclear Tests"
"210",1956,"France",0,"Nuclear Tests"
"211",1956,"India",0,"Nuclear Tests"
"212",1956,"North Korea",0,"Nuclear Tests"
"213",1956,"Pakistan",0,"Nuclear Tests"
"214",1956,"Russia",9,"Nuclear Tests"
"215",1956,"United Kingdom",6,"Nuclear Tests"
"216",1956,"United States",18,"Nuclear Tests"
"217",1957,"China",0,"Warhead Stockpiles"
"218",1957,"France",0,"Warhead Stockpiles"
"219",1957,"India",0,"Warhead Stockpiles"
"220",1957,"Israel",0,"Warhead Stockpiles"
"221",1957,"North Korea",0,"Warhead Stockpiles"
"222",1957,"Pakistan",0,"Warhead Stockpiles"
"223",1957,"Russia",660,"Warhead Stockpiles"
"224",1957,"South Africa",0,"Warhead Stockpiles"
"225",1957,"United Kingdom",58,"Warhead Stockpiles"
"226",1957,"United States",5543,"Warhead Stockpiles"
"227",1957,"China",0,"Nuclear Tests"
"228",1957,"France",0,"Nuclear Tests"
"229",1957,"India",0,"Nuclear Tests"
"230",1957,"North Korea",0,"Nuclear Tests"
"231",1957,"Pakistan",0,"Nuclear Tests"
"232",1957,"Russia",16,"Nuclear Tests"
"233",1957,"United Kingdom",7,"Nuclear Tests"
"234",1957,"United States",32,"Nuclear Tests"
"235",1958,"China",0,"Warhead Stockpiles"
"236",1958,"France",0,"Warhead Stockpiles"
"237",1958,"India",0,"Warhead Stockpiles"
"238",1958,"Israel",0,"Warhead Stockpiles"
"239",1958,"North Korea",0,"Warhead Stockpiles"
"240",1958,"Pakistan",0,"Warhead Stockpiles"
"241",1958,"Russia",863,"Warhead Stockpiles"
"242",1958,"South Africa",0,"Warhead Stockpiles"
"243",1958,"United Kingdom",60,"Warhead Stockpiles"
"244",1958,"United States",7345,"Warhead Stockpiles"
"245",1958,"China",0,"Nuclear Tests"
"246",1958,"France",0,"Nuclear Tests"
"247",1958,"India",0,"Nuclear Tests"
"248",1958,"North Korea",0,"Nuclear Tests"
"249",1958,"Pakistan",0,"Nuclear Tests"
"250",1958,"Russia",34,"Nuclear Tests"
"251",1958,"United Kingdom",5,"Nuclear Tests"
"252",1958,"United States",77,"Nuclear Tests"
"253",1959,"China",0,"Warhead Stockpiles"
"254",1959,"France",0,"Warhead Stockpiles"
"255",1959,"India",0,"Warhead Stockpiles"
"256",1959,"Israel",0,"Warhead Stockpiles"
"257",1959,"North Korea",0,"Warhead Stockpiles"
"258",1959,"Pakistan",0,"Warhead Stockpiles"
"259",1959,"Russia",1048,"Warhead Stockpiles"
"260",1959,"South Africa",0,"Warhead Stockpiles"
"261",1959,"United Kingdom",78,"Warhead Stockpiles"
"262",1959,"United States",12298,"Warhead Stockpiles"
"263",1959,"China",0,"Nuclear Tests"
"264",1959,"France",0,"Nuclear Tests"
"265",1959,"India",0,"Nuclear Tests"
"266",1959,"North Korea",0,"Nuclear Tests"
"267",1959,"Pakistan",0,"Nuclear Tests"
"268",1959,"Russia",0,"Nuclear Tests"
"269",1959,"United Kingdom",0,"Nuclear Tests"
"270",1959,"United States",0,"Nuclear Tests"
"271",1960,"China",0,"Warhead Stockpiles"
"272",1960,"France",0,"Warhead Stockpiles"
"273",1960,"India",0,"Warhead Stockpiles"
"274",1960,"Israel",0,"Warhead Stockpiles"
"275",1960,"North Korea",0,"Warhead Stockpiles"
"276",1960,"Pakistan",0,"Warhead Stockpiles"
"277",1960,"Russia",1627,"Warhead Stockpiles"
"278",1960,"South Africa",0,"Warhead Stockpiles"
"279",1960,"United Kingdom",105,"Warhead Stockpiles"
"280",1960,"United States",18638,"Warhead Stockpiles"
"281",1960,"China",0,"Nuclear Tests"
"282",1960,"France",3,"Nuclear Tests"
"283",1960,"India",0,"Nuclear Tests"
"284",1960,"North Korea",0,"Nuclear Tests"
"285",1960,"Pakistan",0,"Nuclear Tests"
"286",1960,"Russia",0,"Nuclear Tests"
"287",1960,"United Kingdom",0,"Nuclear Tests"
"288",1960,"United States",0,"Nuclear Tests"
"289",1961,"China",0,"Warhead Stockpiles"
"290",1961,"France",0,"Warhead Stockpiles"
"291",1961,"India",0,"Warhead Stockpiles"
"292",1961,"Israel",0,"Warhead Stockpiles"
"293",1961,"North Korea",0,"Warhead Stockpiles"
"294",1961,"Pakistan",0,"Warhead Stockpiles"
"295",1961,"Russia",2492,"Warhead Stockpiles"
"296",1961,"South Africa",0,"Warhead Stockpiles"
"297",1961,"United Kingdom",155,"Warhead Stockpiles"
"298",1961,"United States",22229,"Warhead Stockpiles"
"299",1961,"China",0,"Nuclear Tests"
"300",1961,"France",2,"Nuclear Tests"
"301",1961,"India",0,"Nuclear Tests"
"302",1961,"North Korea",0,"Nuclear Tests"
"303",1961,"Pakistan",0,"Nuclear Tests"
"304",1961,"Russia",59,"Nuclear Tests"
"305",1961,"United Kingdom",0,"Nuclear Tests"
"306",1961,"United States",10,"Nuclear Tests"
"307",1962,"China",0,"Warhead Stockpiles"
"308",1962,"France",0,"Warhead Stockpiles"
"309",1962,"India",0,"Warhead Stockpiles"
"310",1962,"Israel",0,"Warhead Stockpiles"
"311",1962,"North Korea",0,"Warhead Stockpiles"
"312",1962,"Pakistan",0,"Warhead Stockpiles"
"313",1962,"Russia",3346,"Warhead Stockpiles"
"314",1962,"South Africa",0,"Warhead Stockpiles"
"315",1962,"United Kingdom",211,"Warhead Stockpiles"
"316",1962,"United States",25540,"Warhead Stockpiles"
"317",1962,"China",0,"Nuclear Tests"
"318",1962,"France",1,"Nuclear Tests"
"319",1962,"India",0,"Nuclear Tests"
"320",1962,"North Korea",0,"Nuclear Tests"
"321",1962,"Pakistan",0,"Nuclear Tests"
"322",1962,"Russia",79,"Nuclear Tests"
"323",1962,"United Kingdom",2,"Nuclear Tests"
"324",1962,"United States",96,"Nuclear Tests"
"325",1963,"China",0,"Warhead Stockpiles"
"326",1963,"France",0,"Warhead Stockpiles"
"327",1963,"India",0,"Warhead Stockpiles"
"328",1963,"Israel",0,"Warhead Stockpiles"
"329",1963,"North Korea",0,"Warhead Stockpiles"
"330",1963,"Pakistan",0,"Warhead Stockpiles"
"331",1963,"Russia",4259,"Warhead Stockpiles"
"332",1963,"South Africa",0,"Warhead Stockpiles"
"333",1963,"United Kingdom",256,"Warhead Stockpiles"
"334",1963,"United States",28133,"Warhead Stockpiles"
"335",1963,"China",0,"Nuclear Tests"
"336",1963,"France",3,"Nuclear Tests"
"337",1963,"India",0,"Nuclear Tests"
"338",1963,"North Korea",0,"Nuclear Tests"
"339",1963,"Pakistan",0,"Nuclear Tests"
"340",1963,"Russia",0,"Nuclear Tests"
"341",1963,"United Kingdom",0,"Nuclear Tests"
"342",1963,"United States",47,"Nuclear Tests"
"343",1964,"China",1,"Warhead Stockpiles"
"344",1964,"France",4,"Warhead Stockpiles"
"345",1964,"India",0,"Warhead Stockpiles"
"346",1964,"Israel",0,"Warhead Stockpiles"
"347",1964,"North Korea",0,"Warhead Stockpiles"
"348",1964,"Pakistan",0,"Warhead Stockpiles"
"349",1964,"Russia",5242,"Warhead Stockpiles"
"350",1964,"South Africa",0,"Warhead Stockpiles"
"351",1964,"United Kingdom",271,"Warhead Stockpiles"
"352",1964,"United States",29463,"Warhead Stockpiles"
"353",1964,"China",1,"Nuclear Tests"
"354",1964,"France",3,"Nuclear Tests"
"355",1964,"India",0,"Nuclear Tests"
"356",1964,"North Korea",0,"Nuclear Tests"
"357",1964,"Pakistan",0,"Nuclear Tests"
"358",1964,"Russia",9,"Nuclear Tests"
"359",1964,"United Kingdom",2,"Nuclear Tests"
"360",1964,"United States",45,"Nuclear Tests"
"361",1965,"China",5,"Warhead Stockpiles"
"362",1965,"France",32,"Warhead Stockpiles"
"363",1965,"India",0,"Warhead Stockpiles"
"364",1965,"Israel",0,"Warhead Stockpiles"
"365",1965,"North Korea",0,"Warhead Stockpiles"
"366",1965,"Pakistan",0,"Warhead Stockpiles"
"367",1965,"Russia",6144,"Warhead Stockpiles"
"368",1965,"South Africa",0,"Warhead Stockpiles"
"369",1965,"United Kingdom",271,"Warhead Stockpiles"
"370",1965,"United States",31139,"Warhead Stockpiles"
"371",1965,"China",1,"Nuclear Tests"
"372",1965,"France",4,"Nuclear Tests"
"373",1965,"India",0,"Nuclear Tests"
"374",1965,"North Korea",0,"Nuclear Tests"
"375",1965,"Pakistan",0,"Nuclear Tests"
"376",1965,"Russia",14,"Nuclear Tests"
"377",1965,"United Kingdom",1,"Nuclear Tests"
"378",1965,"United States",38,"Nuclear Tests"
"379",1966,"China",20,"Warhead Stockpiles"
"380",1966,"France",36,"Warhead Stockpiles"
"381",1966,"India",0,"Warhead Stockpiles"
"382",1966,"Israel",0,"Warhead Stockpiles"
"383",1966,"North Korea",0,"Warhead Stockpiles"
"384",1966,"Pakistan",0,"Warhead Stockpiles"
"385",1966,"Russia",7091,"Warhead Stockpiles"
"386",1966,"South Africa",0,"Warhead Stockpiles"
"387",1966,"United Kingdom",281,"Warhead Stockpiles"
"388",1966,"United States",31175,"Warhead Stockpiles"
"389",1966,"China",3,"Nuclear Tests"
"390",1966,"France",7,"Nuclear Tests"
"391",1966,"India",0,"Nuclear Tests"
"392",1966,"North Korea",0,"Nuclear Tests"
"393",1966,"Pakistan",0,"Nuclear Tests"
"394",1966,"Russia",18,"Nuclear Tests"
"395",1966,"United Kingdom",0,"Nuclear Tests"
"396",1966,"United States",48,"Nuclear Tests"
"397",1967,"China",25,"Warhead Stockpiles"
"398",1967,"France",36,"Warhead Stockpiles"
"399",1967,"India",0,"Warhead Stockpiles"
"400",1967,"Israel",2,"Warhead Stockpiles"
"401",1967,"North Korea",0,"Warhead Stockpiles"
"402",1967,"Pakistan",0,"Warhead Stockpiles"
"403",1967,"Russia",8400,"Warhead Stockpiles"
"404",1967,"South Africa",0,"Warhead Stockpiles"
"405",1967,"United Kingdom",355,"Warhead Stockpiles"
"406",1967,"United States",31255,"Warhead Stockpiles"
"407",1967,"China",2,"Nuclear Tests"
"408",1967,"France",3,"Nuclear Tests"
"409",1967,"India",0,"Nuclear Tests"
"410",1967,"North Korea",0,"Nuclear Tests"
"411",1967,"Pakistan",0,"Nuclear Tests"
"412",1967,"Russia",17,"Nuclear Tests"
"413",1967,"United Kingdom",0,"Nuclear Tests"
"414",1967,"United States",42,"Nuclear Tests"
"415",1968,"China",35,"Warhead Stockpiles"
"416",1968,"France",36,"Warhead Stockpiles"
"417",1968,"India",0,"Warhead Stockpiles"
"418",1968,"Israel",4,"Warhead Stockpiles"
"419",1968,"North Korea",0,"Warhead Stockpiles"
"420",1968,"Pakistan",0,"Warhead Stockpiles"
"421",1968,"Russia",9490,"Warhead Stockpiles"
"422",1968,"South Africa",0,"Warhead Stockpiles"
"423",1968,"United Kingdom",317,"Warhead Stockpiles"
"424",1968,"United States",29561,"Warhead Stockpiles"
"425",1968,"China",1,"Nuclear Tests"
"426",1968,"France",5,"Nuclear Tests"
"427",1968,"India",0,"Nuclear Tests"
"428",1968,"North Korea",0,"Nuclear Tests"
"429",1968,"Pakistan",0,"Nuclear Tests"
"430",1968,"Russia",17,"Nuclear Tests"
"431",1968,"United Kingdom",0,"Nuclear Tests"
"432",1968,"United States",56,"Nuclear Tests"
"433",1969,"China",50,"Warhead Stockpiles"
"434",1969,"France",36,"Warhead Stockpiles"
"435",1969,"India",0,"Warhead Stockpiles"
"436",1969,"Israel",6,"Warhead Stockpiles"
"437",1969,"North Korea",0,"Warhead Stockpiles"
"438",1969,"Pakistan",0,"Warhead Stockpiles"
"439",1969,"Russia",10671,"Warhead Stockpiles"
"440",1969,"South Africa",0,"Warhead Stockpiles"
"441",1969,"United Kingdom",306,"Warhead Stockpiles"
"442",1969,"United States",27552,"Warhead Stockpiles"
"443",1969,"China",2,"Nuclear Tests"
"444",1969,"France",0,"Nuclear Tests"
"445",1969,"India",0,"Nuclear Tests"
"446",1969,"North Korea",0,"Nuclear Tests"
"447",1969,"Pakistan",0,"Nuclear Tests"
"448",1969,"Russia",19,"Nuclear Tests"
"449",1969,"United Kingdom",0,"Nuclear Tests"
"450",1969,"United States",46,"Nuclear Tests"
"451",1970,"China",75,"Warhead Stockpiles"
"452",1970,"France",36,"Warhead Stockpiles"
"453",1970,"India",0,"Warhead Stockpiles"
"454",1970,"Israel",8,"Warhead Stockpiles"
"455",1970,"North Korea",0,"Warhead Stockpiles"
"456",1970,"Pakistan",0,"Warhead Stockpiles"
"457",1970,"Russia",11736,"Warhead Stockpiles"
"458",1970,"South Africa",0,"Warhead Stockpiles"
"459",1970,"United Kingdom",375,"Warhead Stockpiles"
"460",1970,"United States",26008,"Warhead Stockpiles"
"461",1970,"China",1,"Nuclear Tests"
"462",1970,"France",8,"Nuclear Tests"
"463",1970,"India",0,"Nuclear Tests"
"464",1970,"North Korea",0,"Nuclear Tests"
"465",1970,"Pakistan",0,"Nuclear Tests"
"466",1970,"Russia",16,"Nuclear Tests"
"467",1970,"United Kingdom",0,"Nuclear Tests"
"468",1970,"United States",39,"Nuclear Tests"
"469",1971,"China",100,"Warhead Stockpiles"
"470",1971,"France",45,"Warhead Stockpiles"
"471",1971,"India",0,"Warhead Stockpiles"
"472",1971,"Israel",11,"Warhead Stockpiles"
"473",1971,"North Korea",0,"Warhead Stockpiles"
"474",1971,"Pakistan",0,"Warhead Stockpiles"
"475",1971,"Russia",13279,"Warhead Stockpiles"
"476",1971,"South Africa",0,"Warhead Stockpiles"
"477",1971,"United Kingdom",412,"Warhead Stockpiles"
"478",1971,"United States",25830,"Warhead Stockpiles"
"479",1971,"China",1,"Nuclear Tests"
"480",1971,"France",5,"Nuclear Tests"
"481",1971,"India",0,"Nuclear Tests"
"482",1971,"North Korea",0,"Nuclear Tests"
"483",1971,"Pakistan",0,"Nuclear Tests"
"484",1971,"Russia",23,"Nuclear Tests"
"485",1971,"United Kingdom",0,"Nuclear Tests"
"486",1971,"United States",24,"Nuclear Tests"
"487",1972,"China",130,"Warhead Stockpiles"
"488",1972,"France",70,"Warhead Stockpiles"
"489",1972,"India",0,"Warhead Stockpiles"
"490",1972,"Israel",13,"Warhead Stockpiles"
"491",1972,"North Korea",0,"Warhead Stockpiles"
"492",1972,"Pakistan",0,"Warhead Stockpiles"
"493",1972,"Russia",14600,"Warhead Stockpiles"
"494",1972,"South Africa",0,"Warhead Stockpiles"
"495",1972,"United Kingdom",423,"Warhead Stockpiles"
"496",1972,"United States",26516,"Warhead Stockpiles"
"497",1972,"China",2,"Nuclear Tests"
"498",1972,"France",4,"Nuclear Tests"
"499",1972,"India",0,"Nuclear Tests"
"500",1972,"North Korea",0,"Nuclear Tests"
"501",1972,"Pakistan",0,"Nuclear Tests"
"502",1972,"Russia",24,"Nuclear Tests"
"503",1972,"United Kingdom",0,"Nuclear Tests"
"504",1972,"United States",27,"Nuclear Tests"
"505",1973,"China",150,"Warhead Stockpiles"
"506",1973,"France",116,"Warhead Stockpiles"
"507",1973,"India",0,"Warhead Stockpiles"
"508",1973,"Israel",15,"Warhead Stockpiles"
"509",1973,"North Korea",0,"Warhead Stockpiles"
"510",1973,"Pakistan",0,"Warhead Stockpiles"
"511",1973,"Russia",15878,"Warhead Stockpiles"
"512",1973,"South Africa",0,"Warhead Stockpiles"
"513",1973,"United Kingdom",500,"Warhead Stockpiles"
"514",1973,"United States",27835,"Warhead Stockpiles"
"515",1973,"China",1,"Nuclear Tests"
"516",1973,"France",6,"Nuclear Tests"
"517",1973,"India",0,"Nuclear Tests"
"518",1973,"North Korea",0,"Nuclear Tests"
"519",1973,"Pakistan",0,"Nuclear Tests"
"520",1973,"Russia",17,"Nuclear Tests"
"521",1973,"United Kingdom",0,"Nuclear Tests"
"522",1973,"United States",24,"Nuclear Tests"
"523",1974,"China",170,"Warhead Stockpiles"
"524",1974,"France",145,"Warhead Stockpiles"
"525",1974,"India",0,"Warhead Stockpiles"
"526",1974,"Israel",17,"Warhead Stockpiles"
"527",1974,"North Korea",0,"Warhead Stockpiles"
"528",1974,"Pakistan",0,"Warhead Stockpiles"
"529",1974,"Russia",17286,"Warhead Stockpiles"
"530",1974,"South Africa",0,"Warhead Stockpiles"
"531",1974,"United Kingdom",500,"Warhead Stockpiles"
"532",1974,"United States",28537,"Warhead Stockpiles"
"533",1974,"China",1,"Nuclear Tests"
"534",1974,"France",9,"Nuclear Tests"
"535",1974,"India",1,"Nuclear Tests"
"536",1974,"North Korea",0,"Nuclear Tests"
"537",1974,"Pakistan",0,"Nuclear Tests"
"538",1974,"Russia",21,"Nuclear Tests"
"539",1974,"United Kingdom",1,"Nuclear Tests"
"540",1974,"United States",22,"Nuclear Tests"
"541",1975,"China",180,"Warhead Stockpiles"
"542",1975,"France",188,"Warhead Stockpiles"
"543",1975,"India",0,"Warhead Stockpiles"
"544",1975,"Israel",20,"Warhead Stockpiles"
"545",1975,"North Korea",0,"Warhead Stockpiles"
"546",1975,"Pakistan",0,"Warhead Stockpiles"
"547",1975,"Russia",19235,"Warhead Stockpiles"
"548",1975,"South Africa",0,"Warhead Stockpiles"
"549",1975,"United Kingdom",500,"Warhead Stockpiles"
"550",1975,"United States",27519,"Warhead Stockpiles"
"551",1975,"China",1,"Nuclear Tests"
"552",1975,"France",2,"Nuclear Tests"
"553",1975,"India",0,"Nuclear Tests"
"554",1975,"North Korea",0,"Nuclear Tests"
"555",1975,"Pakistan",0,"Nuclear Tests"
"556",1975,"Russia",19,"Nuclear Tests"
"557",1975,"United Kingdom",0,"Nuclear Tests"
"558",1975,"United States",22,"Nuclear Tests"
"559",1976,"China",180,"Warhead Stockpiles"
"560",1976,"France",212,"Warhead Stockpiles"
"561",1976,"India",0,"Warhead Stockpiles"
"562",1976,"Israel",22,"Warhead Stockpiles"
"563",1976,"North Korea",0,"Warhead Stockpiles"
"564",1976,"Pakistan",0,"Warhead Stockpiles"
"565",1976,"Russia",22165,"Warhead Stockpiles"
"566",1976,"South Africa",0,"Warhead Stockpiles"
"567",1976,"United Kingdom",500,"Warhead Stockpiles"
"568",1976,"United States",25914,"Warhead Stockpiles"
"569",1976,"China",4,"Nuclear Tests"
"570",1976,"France",5,"Nuclear Tests"
"571",1976,"India",0,"Nuclear Tests"
"572",1976,"North Korea",0,"Nuclear Tests"
"573",1976,"Pakistan",0,"Nuclear Tests"
"574",1976,"Russia",21,"Nuclear Tests"
"575",1976,"United Kingdom",1,"Nuclear Tests"
"576",1976,"United States",20,"Nuclear Tests"
"577",1977,"China",180,"Warhead Stockpiles"
"578",1977,"France",228,"Warhead Stockpiles"
"579",1977,"India",0,"Warhead Stockpiles"
"580",1977,"Israel",24,"Warhead Stockpiles"
"581",1977,"North Korea",0,"Warhead Stockpiles"
"582",1977,"Pakistan",0,"Warhead Stockpiles"
"583",1977,"Russia",24281,"Warhead Stockpiles"
"584",1977,"South Africa",0,"Warhead Stockpiles"
"585",1977,"United Kingdom",500,"Warhead Stockpiles"
"586",1977,"United States",25542,"Warhead Stockpiles"
"587",1977,"China",1,"Nuclear Tests"
"588",1977,"France",9,"Nuclear Tests"
"589",1977,"India",0,"Nuclear Tests"
"590",1977,"North Korea",0,"Nuclear Tests"
"591",1977,"Pakistan",0,"Nuclear Tests"
"592",1977,"Russia",24,"Nuclear Tests"
"593",1977,"United Kingdom",0,"Nuclear Tests"
"594",1977,"United States",20,"Nuclear Tests"
"595",1978,"China",190,"Warhead Stockpiles"
"596",1978,"France",235,"Warhead Stockpiles"
"597",1978,"India",0,"Warhead Stockpiles"
"598",1978,"Israel",26,"Warhead Stockpiles"
"599",1978,"North Korea",0,"Warhead Stockpiles"
"600",1978,"Pakistan",0,"Warhead Stockpiles"
"601",1978,"Russia",26169,"Warhead Stockpiles"
"602",1978,"South Africa",0,"Warhead Stockpiles"
"603",1978,"United Kingdom",500,"Warhead Stockpiles"
"604",1978,"United States",24418,"Warhead Stockpiles"
"605",1978,"China",3,"Nuclear Tests"
"606",1978,"France",11,"Nuclear Tests"
"607",1978,"India",0,"Nuclear Tests"
"608",1978,"North Korea",0,"Nuclear Tests"
"609",1978,"Pakistan",0,"Nuclear Tests"
"610",1978,"Russia",31,"Nuclear Tests"
"611",1978,"United Kingdom",2,"Nuclear Tests"
"612",1978,"United States",19,"Nuclear Tests"
"613",1979,"China",195,"Warhead Stockpiles"
"614",1979,"France",235,"Warhead Stockpiles"
"615",1979,"India",0,"Warhead Stockpiles"
"616",1979,"Israel",29,"Warhead Stockpiles"
"617",1979,"North Korea",0,"Warhead Stockpiles"
"618",1979,"Pakistan",0,"Warhead Stockpiles"
"619",1979,"Russia",28258,"Warhead Stockpiles"
"620",1979,"South Africa",0,"Warhead Stockpiles"
"621",1979,"United Kingdom",500,"Warhead Stockpiles"
"622",1979,"United States",24138,"Warhead Stockpiles"
"623",1979,"China",1,"Nuclear Tests"
"624",1979,"France",10,"Nuclear Tests"
"625",1979,"India",0,"Nuclear Tests"
"626",1979,"North Korea",0,"Nuclear Tests"
"627",1979,"Pakistan",0,"Nuclear Tests"
"628",1979,"Russia",31,"Nuclear Tests"
"629",1979,"United Kingdom",1,"Nuclear Tests"
"630",1979,"United States",15,"Nuclear Tests"
"631",1980,"China",205,"Warhead Stockpiles"
"632",1980,"France",250,"Warhead Stockpiles"
"633",1980,"India",0,"Warhead Stockpiles"
"634",1980,"Israel",31,"Warhead Stockpiles"
"635",1980,"North Korea",0,"Warhead Stockpiles"
"636",1980,"Pakistan",0,"Warhead Stockpiles"
"637",1980,"Russia",30665,"Warhead Stockpiles"
"638",1980,"South Africa",0,"Warhead Stockpiles"
"639",1980,"United Kingdom",500,"Warhead Stockpiles"
"640",1980,"United States",24104,"Warhead Stockpiles"
"641",1980,"China",1,"Nuclear Tests"
"642",1980,"France",12,"Nuclear Tests"
"643",1980,"India",0,"Nuclear Tests"
"644",1980,"North Korea",0,"Nuclear Tests"
"645",1980,"Pakistan",0,"Nuclear Tests"
"646",1980,"Russia",24,"Nuclear Tests"
"647",1980,"United Kingdom",3,"Nuclear Tests"
"648",1980,"United States",14,"Nuclear Tests"
"649",1981,"China",210,"Warhead Stockpiles"
"650",1981,"France",274,"Warhead Stockpiles"
"651",1981,"India",0,"Warhead Stockpiles"
"652",1981,"Israel",33,"Warhead Stockpiles"
"653",1981,"North Korea",0,"Warhead Stockpiles"
"654",1981,"Pakistan",0,"Warhead Stockpiles"
"655",1981,"Russia",32146,"Warhead Stockpiles"
"656",1981,"South Africa",0,"Warhead Stockpiles"
"657",1981,"United Kingdom",500,"Warhead Stockpiles"
"658",1981,"United States",23208,"Warhead Stockpiles"
"659",1981,"China",0,"Nuclear Tests"
"660",1981,"France",12,"Nuclear Tests"
"661",1981,"India",0,"Nuclear Tests"
"662",1981,"North Korea",0,"Nuclear Tests"
"663",1981,"Pakistan",0,"Nuclear Tests"
"664",1981,"Russia",21,"Nuclear Tests"
"665",1981,"United Kingdom",1,"Nuclear Tests"
"666",1981,"United States",16,"Nuclear Tests"
"667",1982,"China",216,"Warhead Stockpiles"
"668",1982,"France",274,"Warhead Stockpiles"
"669",1982,"India",0,"Warhead Stockpiles"
"670",1982,"Israel",35,"Warhead Stockpiles"
"671",1982,"North Korea",0,"Warhead Stockpiles"
"672",1982,"Pakistan",0,"Warhead Stockpiles"
"673",1982,"Russia",33486,"Warhead Stockpiles"
"674",1982,"South Africa",3,"Warhead Stockpiles"
"675",1982,"United Kingdom",385,"Warhead Stockpiles"
"676",1982,"United States",22886,"Warhead Stockpiles"
"677",1982,"China",1,"Nuclear Tests"
"678",1982,"France",10,"Nuclear Tests"
"679",1982,"India",0,"Nuclear Tests"
"680",1982,"North Korea",0,"Nuclear Tests"
"681",1982,"Pakistan",0,"Nuclear Tests"
"682",1982,"Russia",19,"Nuclear Tests"
"683",1982,"United Kingdom",1,"Nuclear Tests"
"684",1982,"United States",18,"Nuclear Tests"
"685",1983,"China",218,"Warhead Stockpiles"
"686",1983,"France",279,"Warhead Stockpiles"
"687",1983,"India",0,"Warhead Stockpiles"
"688",1983,"Israel",38,"Warhead Stockpiles"
"689",1983,"North Korea",0,"Warhead Stockpiles"
"690",1983,"Pakistan",0,"Warhead Stockpiles"
"691",1983,"Russia",35130,"Warhead Stockpiles"
"692",1983,"South Africa",3,"Warhead Stockpiles"
"693",1983,"United Kingdom",380,"Warhead Stockpiles"
"694",1983,"United States",23305,"Warhead Stockpiles"
"695",1983,"China",2,"Nuclear Tests"
"696",1983,"France",9,"Nuclear Tests"
"697",1983,"India",0,"Nuclear Tests"
"698",1983,"North Korea",0,"Nuclear Tests"
"699",1983,"Pakistan",0,"Nuclear Tests"
"700",1983,"Russia",25,"Nuclear Tests"
"701",1983,"United Kingdom",1,"Nuclear Tests"
"702",1983,"United States",18,"Nuclear Tests"
"703",1984,"China",220,"Warhead Stockpiles"
"704",1984,"France",280,"Warhead Stockpiles"
"705",1984,"India",0,"Warhead Stockpiles"
"706",1984,"Israel",40,"Warhead Stockpiles"
"707",1984,"North Korea",0,"Warhead Stockpiles"
"708",1984,"Pakistan",0,"Warhead Stockpiles"
"709",1984,"Russia",36825,"Warhead Stockpiles"
"710",1984,"South Africa",3,"Warhead Stockpiles"
"711",1984,"United Kingdom",350,"Warhead Stockpiles"
"712",1984,"United States",23459,"Warhead Stockpiles"
"713",1984,"China",2,"Nuclear Tests"
"714",1984,"France",8,"Nuclear Tests"
"715",1984,"India",0,"Nuclear Tests"
"716",1984,"North Korea",0,"Nuclear Tests"
"717",1984,"Pakistan",0,"Nuclear Tests"
"718",1984,"Russia",27,"Nuclear Tests"
"719",1984,"United Kingdom",2,"Nuclear Tests"
"720",1984,"United States",18,"Nuclear Tests"
"721",1985,"China",222,"Warhead Stockpiles"
"722",1985,"France",360,"Warhead Stockpiles"
"723",1985,"India",0,"Warhead Stockpiles"
"724",1985,"Israel",42,"Warhead Stockpiles"
"725",1985,"North Korea",0,"Warhead Stockpiles"
"726",1985,"Pakistan",0,"Warhead Stockpiles"
"727",1985,"Russia",38582,"Warhead Stockpiles"
"728",1985,"South Africa",3,"Warhead Stockpiles"
"729",1985,"United Kingdom",350,"Warhead Stockpiles"
"730",1985,"United States",23368,"Warhead Stockpiles"
"731",1985,"China",0,"Nuclear Tests"
"732",1985,"France",8,"Nuclear Tests"
"733",1985,"India",0,"Nuclear Tests"
"734",1985,"North Korea",0,"Nuclear Tests"
"735",1985,"Pakistan",0,"Nuclear Tests"
"736",1985,"Russia",10,"Nuclear Tests"
"737",1985,"United Kingdom",1,"Nuclear Tests"
"738",1985,"United States",17,"Nuclear Tests"
"739",1986,"China",224,"Warhead Stockpiles"
"740",1986,"France",355,"Warhead Stockpiles"
"741",1986,"India",0,"Warhead Stockpiles"
"742",1986,"Israel",44,"Warhead Stockpiles"
"743",1986,"North Korea",0,"Warhead Stockpiles"
"744",1986,"Pakistan",0,"Warhead Stockpiles"
"745",1986,"Russia",40159,"Warhead Stockpiles"
"746",1986,"South Africa",3,"Warhead Stockpiles"
"747",1986,"United Kingdom",350,"Warhead Stockpiles"
"748",1986,"United States",23317,"Warhead Stockpiles"
"749",1986,"China",0,"Nuclear Tests"
"750",1986,"France",8,"Nuclear Tests"
"751",1986,"India",0,"Nuclear Tests"
"752",1986,"North Korea",0,"Nuclear Tests"
"753",1986,"Pakistan",0,"Nuclear Tests"
"754",1986,"Russia",0,"Nuclear Tests"
"755",1986,"United Kingdom",1,"Nuclear Tests"
"756",1986,"United States",14,"Nuclear Tests"
"757",1987,"China",226,"Warhead Stockpiles"
"758",1987,"France",420,"Warhead Stockpiles"
"759",1987,"India",0,"Warhead Stockpiles"
"760",1987,"Israel",47,"Warhead Stockpiles"
"761",1987,"North Korea",0,"Warhead Stockpiles"
"762",1987,"Pakistan",0,"Warhead Stockpiles"
"763",1987,"Russia",38107,"Warhead Stockpiles"
"764",1987,"South Africa",4,"Warhead Stockpiles"
"765",1987,"United Kingdom",350,"Warhead Stockpiles"
"766",1987,"United States",23575,"Warhead Stockpiles"
"767",1987,"China",1,"Nuclear Tests"
"768",1987,"France",8,"Nuclear Tests"
"769",1987,"India",0,"Nuclear Tests"
"770",1987,"North Korea",0,"Nuclear Tests"
"771",1987,"Pakistan",0,"Nuclear Tests"
"772",1987,"Russia",23,"Nuclear Tests"
"773",1987,"United Kingdom",1,"Nuclear Tests"
"774",1987,"United States",14,"Nuclear Tests"
"775",1988,"China",228,"Warhead Stockpiles"
"776",1988,"France",410,"Warhead Stockpiles"
"777",1988,"India",0,"Warhead Stockpiles"
"778",1988,"Israel",49,"Warhead Stockpiles"
"779",1988,"North Korea",0,"Warhead Stockpiles"
"780",1988,"Pakistan",0,"Warhead Stockpiles"
"781",1988,"Russia",36538,"Warhead Stockpiles"
"782",1988,"South Africa",5,"Warhead Stockpiles"
"783",1988,"United Kingdom",350,"Warhead Stockpiles"
"784",1988,"United States",23205,"Warhead Stockpiles"
"785",1988,"China",1,"Nuclear Tests"
"786",1988,"France",8,"Nuclear Tests"
"787",1988,"India",0,"Nuclear Tests"
"788",1988,"North Korea",0,"Nuclear Tests"
"789",1988,"Pakistan",0,"Nuclear Tests"
"790",1988,"Russia",16,"Nuclear Tests"
"791",1988,"United Kingdom",0,"Nuclear Tests"
"792",1988,"United States",15,"Nuclear Tests"
"793",1989,"China",230,"Warhead Stockpiles"
"794",1989,"France",410,"Warhead Stockpiles"
"795",1989,"India",0,"Warhead Stockpiles"
"796",1989,"Israel",51,"Warhead Stockpiles"
"797",1989,"North Korea",0,"Warhead Stockpiles"
"798",1989,"Pakistan",0,"Warhead Stockpiles"
"799",1989,"Russia",35078,"Warhead Stockpiles"
"800",1989,"South Africa",6,"Warhead Stockpiles"
"801",1989,"United Kingdom",350,"Warhead Stockpiles"
"802",1989,"United States",22217,"Warhead Stockpiles"
"803",1989,"China",0,"Nuclear Tests"
"804",1989,"France",9,"Nuclear Tests"
"805",1989,"India",0,"Nuclear Tests"
"806",1989,"North Korea",0,"Nuclear Tests"
"807",1989,"Pakistan",0,"Nuclear Tests"
"808",1989,"Russia",7,"Nuclear Tests"
"809",1989,"United Kingdom",1,"Nuclear Tests"
"810",1989,"United States",11,"Nuclear Tests"
"811",1990,"China",232,"Warhead Stockpiles"
"812",1990,"France",505,"Warhead Stockpiles"
"813",1990,"India",0,"Warhead Stockpiles"
"814",1990,"Israel",53,"Warhead Stockpiles"
"815",1990,"North Korea",0,"Warhead Stockpiles"
"816",1990,"Pakistan",0,"Warhead Stockpiles"
"817",1990,"Russia",32980,"Warhead Stockpiles"
"818",1990,"South Africa",0,"Warhead Stockpiles"
"819",1990,"United Kingdom",350,"Warhead Stockpiles"
"820",1990,"United States",21392,"Warhead Stockpiles"
"821",1990,"China",2,"Nuclear Tests"
"822",1990,"France",6,"Nuclear Tests"
"823",1990,"India",0,"Nuclear Tests"
"824",1990,"North Korea",0,"Nuclear Tests"
"825",1990,"Pakistan",0,"Nuclear Tests"
"826",1990,"Russia",1,"Nuclear Tests"
"827",1990,"United Kingdom",1,"Nuclear Tests"
"828",1990,"United States",8,"Nuclear Tests"
"829",1991,"China",234,"Warhead Stockpiles"
"830",1991,"France",540,"Warhead Stockpiles"
"831",1991,"India",0,"Warhead Stockpiles"
"832",1991,"Israel",56,"Warhead Stockpiles"
"833",1991,"North Korea",0,"Warhead Stockpiles"
"834",1991,"Pakistan",0,"Warhead Stockpiles"
"835",1991,"Russia",29154,"Warhead Stockpiles"
"836",1991,"South Africa",0,"Warhead Stockpiles"
"837",1991,"United Kingdom",350,"Warhead Stockpiles"
"838",1991,"United States",19008,"Warhead Stockpiles"
"839",1991,"China",0,"Nuclear Tests"
"840",1991,"France",6,"Nuclear Tests"
"841",1991,"India",0,"Nuclear Tests"
"842",1991,"North Korea",0,"Nuclear Tests"
"843",1991,"Pakistan",0,"Nuclear Tests"
"844",1991,"Russia",0,"Nuclear Tests"
"845",1991,"United Kingdom",1,"Nuclear Tests"
"846",1991,"United States",7,"Nuclear Tests"
"847",1992,"China",234,"Warhead Stockpiles"
"848",1992,"France",540,"Warhead Stockpiles"
"849",1992,"India",0,"Warhead Stockpiles"
"850",1992,"Israel",58,"Warhead Stockpiles"
"851",1992,"North Korea",0,"Warhead Stockpiles"
"852",1992,"Pakistan",0,"Warhead Stockpiles"
"853",1992,"Russia",26734,"Warhead Stockpiles"
"854",1992,"South Africa",0,"Warhead Stockpiles"
"855",1992,"United Kingdom",250,"Warhead Stockpiles"
"856",1992,"United States",13708,"Warhead Stockpiles"
"857",1992,"China",2,"Nuclear Tests"
"858",1992,"France",0,"Nuclear Tests"
"859",1992,"India",0,"Nuclear Tests"
"860",1992,"North Korea",0,"Nuclear Tests"
"861",1992,"Pakistan",0,"Nuclear Tests"
"862",1992,"Russia",0,"Nuclear Tests"
"863",1992,"United Kingdom",0,"Nuclear Tests"
"864",1992,"United States",6,"Nuclear Tests"
"865",1993,"China",234,"Warhead Stockpiles"
"866",1993,"France",525,"Warhead Stockpiles"
"867",1993,"India",0,"Warhead Stockpiles"
"868",1993,"Israel",60,"Warhead Stockpiles"
"869",1993,"North Korea",0,"Warhead Stockpiles"
"870",1993,"Pakistan",0,"Warhead Stockpiles"
"871",1993,"Russia",24403,"Warhead Stockpiles"
"872",1993,"South Africa",0,"Warhead Stockpiles"
"873",1993,"United Kingdom",250,"Warhead Stockpiles"
"874",1993,"United States",11511,"Warhead Stockpiles"
"875",1993,"China",1,"Nuclear Tests"
"876",1993,"France",0,"Nuclear Tests"
"877",1993,"India",0,"Nuclear Tests"
"878",1993,"North Korea",0,"Nuclear Tests"
"879",1993,"Pakistan",0,"Nuclear Tests"
"880",1993,"Russia",0,"Nuclear Tests"
"881",1993,"United Kingdom",0,"Nuclear Tests"
"882",1993,"United States",0,"Nuclear Tests"
"883",1994,"China",234,"Warhead Stockpiles"
"884",1994,"France",510,"Warhead Stockpiles"
"885",1994,"India",0,"Warhead Stockpiles"
"886",1994,"Israel",62,"Warhead Stockpiles"
"887",1994,"North Korea",0,"Warhead Stockpiles"
"888",1994,"Pakistan",0,"Warhead Stockpiles"
"889",1994,"Russia",21339,"Warhead Stockpiles"
"890",1994,"South Africa",0,"Warhead Stockpiles"
"891",1994,"United Kingdom",250,"Warhead Stockpiles"
"892",1994,"United States",10979,"Warhead Stockpiles"
"893",1994,"China",2,"Nuclear Tests"
"894",1994,"France",0,"Nuclear Tests"
"895",1994,"India",0,"Nuclear Tests"
"896",1994,"North Korea",0,"Nuclear Tests"
"897",1994,"Pakistan",0,"Nuclear Tests"
"898",1994,"Russia",0,"Nuclear Tests"
"899",1994,"United Kingdom",0,"Nuclear Tests"
"900",1994,"United States",0,"Nuclear Tests"
"901",1995,"China",234,"Warhead Stockpiles"
"902",1995,"France",500,"Warhead Stockpiles"
"903",1995,"India",0,"Warhead Stockpiles"
"904",1995,"Israel",63,"Warhead Stockpiles"
"905",1995,"North Korea",0,"Warhead Stockpiles"
"906",1995,"Pakistan",0,"Warhead Stockpiles"
"907",1995,"Russia",18179,"Warhead Stockpiles"
"908",1995,"South Africa",0,"Warhead Stockpiles"
"909",1995,"United Kingdom",234,"Warhead Stockpiles"
"910",1995,"United States",10904,"Warhead Stockpiles"
"911",1995,"China",2,"Nuclear Tests"
"912",1995,"France",5,"Nuclear Tests"
"913",1995,"India",0,"Nuclear Tests"
"914",1995,"North Korea",0,"Nuclear Tests"
"915",1995,"Pakistan",0,"Nuclear Tests"
"916",1995,"Russia",0,"Nuclear Tests"
"917",1995,"United Kingdom",0,"Nuclear Tests"
"918",1995,"United States",0,"Nuclear Tests"
"919",1996,"China",234,"Warhead Stockpiles"
"920",1996,"France",450,"Warhead Stockpiles"
"921",1996,"India",0,"Warhead Stockpiles"
"922",1996,"Israel",64,"Warhead Stockpiles"
"923",1996,"North Korea",0,"Warhead Stockpiles"
"924",1996,"Pakistan",0,"Warhead Stockpiles"
"925",1996,"Russia",15942,"Warhead Stockpiles"
"926",1996,"South Africa",0,"Warhead Stockpiles"
"927",1996,"United Kingdom",203,"Warhead Stockpiles"
"928",1996,"United States",11011,"Warhead Stockpiles"
"929",1996,"China",2,"Nuclear Tests"
"930",1996,"France",1,"Nuclear Tests"
"931",1996,"India",0,"Nuclear Tests"
"932",1996,"North Korea",0,"Nuclear Tests"
"933",1996,"Pakistan",0,"Nuclear Tests"
"934",1996,"Russia",0,"Nuclear Tests"
"935",1996,"United Kingdom",0,"Nuclear Tests"
"936",1996,"United States",0,"Nuclear Tests"
"937",1997,"China",232,"Warhead Stockpiles"
"938",1997,"France",450,"Warhead Stockpiles"
"939",1997,"India",0,"Warhead Stockpiles"
"940",1997,"Israel",66,"Warhead Stockpiles"
"941",1997,"North Korea",0,"Warhead Stockpiles"
"942",1997,"Pakistan",0,"Warhead Stockpiles"
"943",1997,"Russia",15442,"Warhead Stockpiles"
"944",1997,"South Africa",0,"Warhead Stockpiles"
"945",1997,"United Kingdom",203,"Warhead Stockpiles"
"946",1997,"United States",10903,"Warhead Stockpiles"
"947",1997,"China",0,"Nuclear Tests"
"948",1997,"France",0,"Nuclear Tests"
"949",1997,"India",0,"Nuclear Tests"
"950",1997,"North Korea",0,"Nuclear Tests"
"951",1997,"Pakistan",0,"Nuclear Tests"
"952",1997,"Russia",0,"Nuclear Tests"
"953",1997,"United Kingdom",0,"Nuclear Tests"
"954",1997,"United States",0,"Nuclear Tests"
"955",1998,"China",232,"Warhead Stockpiles"
"956",1998,"France",450,"Warhead Stockpiles"
"957",1998,"India",3,"Warhead Stockpiles"
"958",1998,"Israel",68,"Warhead Stockpiles"
"959",1998,"North Korea",0,"Warhead Stockpiles"
"960",1998,"Pakistan",2,"Warhead Stockpiles"
"961",1998,"Russia",14368,"Warhead Stockpiles"
"962",1998,"South Africa",0,"Warhead Stockpiles"
"963",1998,"United Kingdom",240,"Warhead Stockpiles"
"964",1998,"United States",10732,"Warhead Stockpiles"
"965",1998,"China",0,"Nuclear Tests"
"966",1998,"France",0,"Nuclear Tests"
"967",1998,"India",2,"Nuclear Tests"
"968",1998,"North Korea",0,"Nuclear Tests"
"969",1998,"Pakistan",2,"Nuclear Tests"
"970",1998,"Russia",0,"Nuclear Tests"
"971",1998,"United Kingdom",0,"Nuclear Tests"
"972",1998,"United States",0,"Nuclear Tests"
"973",1999,"China",232,"Warhead Stockpiles"
"974",1999,"France",450,"Warhead Stockpiles"
"975",1999,"India",8,"Warhead Stockpiles"
"976",1999,"Israel",70,"Warhead Stockpiles"
"977",1999,"North Korea",0,"Warhead Stockpiles"
"978",1999,"Pakistan",8,"Warhead Stockpiles"
"979",1999,"Russia",13188,"Warhead Stockpiles"
"980",1999,"South Africa",0,"Warhead Stockpiles"
"981",1999,"United Kingdom",240,"Warhead Stockpiles"
"982",1999,"United States",10685,"Warhead Stockpiles"
"983",1999,"China",0,"Nuclear Tests"
"984",1999,"France",0,"Nuclear Tests"
"985",1999,"India",0,"Nuclear Tests"
"986",1999,"North Korea",0,"Nuclear Tests"
"987",1999,"Pakistan",0,"Nuclear Tests"
"988",1999,"Russia",0,"Nuclear Tests"
"989",1999,"United Kingdom",0,"Nuclear Tests"
"990",1999,"United States",0,"Nuclear Tests"
"991",2000,"China",232,"Warhead Stockpiles"
"992",2000,"France",470,"Warhead Stockpiles"
"993",2000,"India",13,"Warhead Stockpiles"
"994",2000,"Israel",72,"Warhead Stockpiles"
"995",2000,"North Korea",0,"Warhead Stockpiles"
"996",2000,"Pakistan",14,"Warhead Stockpiles"
"997",2000,"Russia",12188,"Warhead Stockpiles"
"998",2000,"South Africa",0,"Warhead Stockpiles"
"999",2000,"United Kingdom",280,"Warhead Stockpiles"
"1000",2000,"United States",10577,"Warhead Stockpiles"
"1001",2000,"China",0,"Nuclear Tests"
"1002",2000,"France",0,"Nuclear Tests"
"1003",2000,"India",0,"Nuclear Tests"
"1004",2000,"North Korea",0,"Nuclear Tests"
"1005",2000,"Pakistan",0,"Nuclear Tests"
"1006",2000,"Russia",0,"Nuclear Tests"
"1007",2000,"United Kingdom",0,"Nuclear Tests"
"1008",2000,"United States",0,"Nuclear Tests"
"1009",2001,"China",235,"Warhead Stockpiles"
"1010",2001,"France",350,"Warhead Stockpiles"
"1011",2001,"India",18,"Warhead Stockpiles"
"1012",2001,"Israel",74,"Warhead Stockpiles"
"1013",2001,"North Korea",0,"Warhead Stockpiles"
"1014",2001,"Pakistan",20,"Warhead Stockpiles"
"1015",2001,"Russia",11152,"Warhead Stockpiles"
"1016",2001,"South Africa",0,"Warhead Stockpiles"
"1017",2001,"United Kingdom",280,"Warhead Stockpiles"
"1018",2001,"United States",10526,"Warhead Stockpiles"
"1019",2001,"China",0,"Nuclear Tests"
"1020",2001,"France",0,"Nuclear Tests"
"1021",2001,"India",0,"Nuclear Tests"
"1022",2001,"North Korea",0,"Nuclear Tests"
"1023",2001,"Pakistan",0,"Nuclear Tests"
"1024",2001,"Russia",0,"Nuclear Tests"
"1025",2001,"United Kingdom",0,"Nuclear Tests"
"1026",2001,"United States",0,"Nuclear Tests"
"1027",2002,"China",235,"Warhead Stockpiles"
"1028",2002,"France",350,"Warhead Stockpiles"
"1029",2002,"India",23,"Warhead Stockpiles"
"1030",2002,"Israel",76,"Warhead Stockpiles"
"1031",2002,"North Korea",0,"Warhead Stockpiles"
"1032",2002,"Pakistan",26,"Warhead Stockpiles"
"1033",2002,"Russia",10114,"Warhead Stockpiles"
"1034",2002,"South Africa",0,"Warhead Stockpiles"
"1035",2002,"United Kingdom",280,"Warhead Stockpiles"
"1036",2002,"United States",10457,"Warhead Stockpiles"
"1037",2002,"China",0,"Nuclear Tests"
"1038",2002,"France",0,"Nuclear Tests"
"1039",2002,"India",0,"Nuclear Tests"
"1040",2002,"North Korea",0,"Nuclear Tests"
"1041",2002,"Pakistan",0,"Nuclear Tests"
"1042",2002,"Russia",0,"Nuclear Tests"
"1043",2002,"United Kingdom",0,"Nuclear Tests"
"1044",2002,"United States",0,"Nuclear Tests"
"1045",2003,"China",235,"Warhead Stockpiles"
"1046",2003,"France",350,"Warhead Stockpiles"
"1047",2003,"India",28,"Warhead Stockpiles"
"1048",2003,"Israel",78,"Warhead Stockpiles"
"1049",2003,"North Korea",0,"Warhead Stockpiles"
"1050",2003,"Pakistan",32,"Warhead Stockpiles"
"1051",2003,"Russia",9076,"Warhead Stockpiles"
"1052",2003,"South Africa",0,"Warhead Stockpiles"
"1053",2003,"United Kingdom",280,"Warhead Stockpiles"
"1054",2003,"United States",10027,"Warhead Stockpiles"
"1055",2003,"China",0,"Nuclear Tests"
"1056",2003,"France",0,"Nuclear Tests"
"1057",2003,"India",0,"Nuclear Tests"
"1058",2003,"North Korea",0,"Nuclear Tests"
"1059",2003,"Pakistan",0,"Nuclear Tests"
"1060",2003,"Russia",0,"Nuclear Tests"
"1061",2003,"United Kingdom",0,"Nuclear Tests"
"1062",2003,"United States",0,"Nuclear Tests"
"1063",2004,"China",235,"Warhead Stockpiles"
"1064",2004,"France",350,"Warhead Stockpiles"
"1065",2004,"India",33,"Warhead Stockpiles"
"1066",2004,"Israel",80,"Warhead Stockpiles"
"1067",2004,"North Korea",0,"Warhead Stockpiles"
"1068",2004,"Pakistan",38,"Warhead Stockpiles"
"1069",2004,"Russia",8038,"Warhead Stockpiles"
"1070",2004,"South Africa",0,"Warhead Stockpiles"
"1071",2004,"United Kingdom",280,"Warhead Stockpiles"
"1072",2004,"United States",8570,"Warhead Stockpiles"
"1073",2004,"China",0,"Nuclear Tests"
"1074",2004,"France",0,"Nuclear Tests"
"1075",2004,"India",0,"Nuclear Tests"
"1076",2004,"North Korea",0,"Nuclear Tests"
"1077",2004,"Pakistan",0,"Nuclear Tests"
"1078",2004,"Russia",0,"Nuclear Tests"
"1079",2004,"United Kingdom",0,"Nuclear Tests"
"1080",2004,"United States",0,"Nuclear Tests"
"1081",2005,"China",235,"Warhead Stockpiles"
"1082",2005,"France",350,"Warhead Stockpiles"
"1083",2005,"India",38,"Warhead Stockpiles"
"1084",2005,"Israel",80,"Warhead Stockpiles"
"1085",2005,"North Korea",0,"Warhead Stockpiles"
"1086",2005,"Pakistan",44,"Warhead Stockpiles"
"1087",2005,"Russia",7000,"Warhead Stockpiles"
"1088",2005,"South Africa",0,"Warhead Stockpiles"
"1089",2005,"United Kingdom",280,"Warhead Stockpiles"
"1090",2005,"United States",8360,"Warhead Stockpiles"
"1091",2005,"China",0,"Nuclear Tests"
"1092",2005,"France",0,"Nuclear Tests"
"1093",2005,"India",0,"Nuclear Tests"
"1094",2005,"North Korea",0,"Nuclear Tests"
"1095",2005,"Pakistan",0,"Nuclear Tests"
"1096",2005,"Russia",0,"Nuclear Tests"
"1097",2005,"United Kingdom",0,"Nuclear Tests"
"1098",2005,"United States",0,"Nuclear Tests"
"1099",2006,"China",235,"Warhead Stockpiles"
"1100",2006,"France",350,"Warhead Stockpiles"
"1101",2006,"India",43,"Warhead Stockpiles"
"1102",2006,"Israel",80,"Warhead Stockpiles"
"1103",2006,"North Korea",0,"Warhead Stockpiles"
"1104",2006,"Pakistan",50,"Warhead Stockpiles"
"1105",2006,"Russia",6643,"Warhead Stockpiles"
"1106",2006,"South Africa",0,"Warhead Stockpiles"
"1107",2006,"United Kingdom",245,"Warhead Stockpiles"
"1108",2006,"United States",7853,"Warhead Stockpiles"
"1109",2006,"China",0,"Nuclear Tests"
"1110",2006,"France",0,"Nuclear Tests"
"1111",2006,"India",0,"Nuclear Tests"
"1112",2006,"North Korea",1,"Nuclear Tests"
"1113",2006,"Pakistan",0,"Nuclear Tests"
"1114",2006,"Russia",0,"Nuclear Tests"
"1115",2006,"United Kingdom",0,"Nuclear Tests"
"1116",2006,"United States",0,"Nuclear Tests"
"1117",2007,"China",235,"Warhead Stockpiles"
"1118",2007,"France",350,"Warhead Stockpiles"
"1119",2007,"India",50,"Warhead Stockpiles"
"1120",2007,"Israel",80,"Warhead Stockpiles"
"1121",2007,"North Korea",0,"Warhead Stockpiles"
"1122",2007,"Pakistan",60,"Warhead Stockpiles"
"1123",2007,"Russia",6286,"Warhead Stockpiles"
"1124",2007,"South Africa",0,"Warhead Stockpiles"
"1125",2007,"United Kingdom",245,"Warhead Stockpiles"
"1126",2007,"United States",5709,"Warhead Stockpiles"
"1127",2007,"China",0,"Nuclear Tests"
"1128",2007,"France",0,"Nuclear Tests"
"1129",2007,"India",0,"Nuclear Tests"
"1130",2007,"North Korea",0,"Nuclear Tests"
"1131",2007,"Pakistan",0,"Nuclear Tests"
"1132",2007,"Russia",0,"Nuclear Tests"
"1133",2007,"United Kingdom",0,"Nuclear Tests"
"1134",2007,"United States",0,"Nuclear Tests"
"1135",2008,"China",235,"Warhead Stockpiles"
"1136",2008,"France",300,"Warhead Stockpiles"
"1137",2008,"India",60,"Warhead Stockpiles"
"1138",2008,"Israel",80,"Warhead Stockpiles"
"1139",2008,"North Korea",0,"Warhead Stockpiles"
"1140",2008,"Pakistan",70,"Warhead Stockpiles"
"1141",2008,"Russia",5929,"Warhead Stockpiles"
"1142",2008,"South Africa",0,"Warhead Stockpiles"
"1143",2008,"United Kingdom",245,"Warhead Stockpiles"
"1144",2008,"United States",5273,"Warhead Stockpiles"
"1145",2008,"China",0,"Nuclear Tests"
"1146",2008,"France",0,"Nuclear Tests"
"1147",2008,"India",0,"Nuclear Tests"
"1148",2008,"North Korea",0,"Nuclear Tests"
"1149",2008,"Pakistan",0,"Nuclear Tests"
"1150",2008,"Russia",0,"Nuclear Tests"
"1151",2008,"United Kingdom",0,"Nuclear Tests"
"1152",2008,"United States",0,"Nuclear Tests"
"1153",2009,"China",240,"Warhead Stockpiles"
"1154",2009,"France",300,"Warhead Stockpiles"
"1155",2009,"India",70,"Warhead Stockpiles"
"1156",2009,"Israel",80,"Warhead Stockpiles"
"1157",2009,"North Korea",0,"Warhead Stockpiles"
"1158",2009,"Pakistan",80,"Warhead Stockpiles"
"1159",2009,"Russia",5527,"Warhead Stockpiles"
"1160",2009,"South Africa",0,"Warhead Stockpiles"
"1161",2009,"United Kingdom",245,"Warhead Stockpiles"
"1162",2009,"United States",5113,"Warhead Stockpiles"
"1163",2009,"China",0,"Nuclear Tests"
"1164",2009,"France",0,"Nuclear Tests"
"1165",2009,"India",0,"Nuclear Tests"
"1166",2009,"North Korea",1,"Nuclear Tests"
"1167",2009,"Pakistan",0,"Nuclear Tests"
"1168",2009,"Russia",0,"Nuclear Tests"
"1169",2009,"United Kingdom",0,"Nuclear Tests"
"1170",2009,"United States",0,"Nuclear Tests"
"1171",2010,"China",240,"Warhead Stockpiles"
"1172",2010,"France",300,"Warhead Stockpiles"
"1173",2010,"India",80,"Warhead Stockpiles"
"1174",2010,"Israel",80,"Warhead Stockpiles"
"1175",2010,"North Korea",0,"Warhead Stockpiles"
"1176",2010,"Pakistan",90,"Warhead Stockpiles"
"1177",2010,"Russia",5215,"Warhead Stockpiles"
"1178",2010,"South Africa",0,"Warhead Stockpiles"
"1179",2010,"United Kingdom",225,"Warhead Stockpiles"
"1180",2010,"United States",5066,"Warhead Stockpiles"
"1181",2010,"China",0,"Nuclear Tests"
"1182",2010,"France",0,"Nuclear Tests"
"1183",2010,"India",0,"Nuclear Tests"
"1184",2010,"North Korea",0,"Nuclear Tests"
"1185",2010,"Pakistan",0,"Nuclear Tests"
"1186",2010,"Russia",0,"Nuclear Tests"
"1187",2010,"United Kingdom",0,"Nuclear Tests"
"1188",2010,"United States",0,"Nuclear Tests"
"1189",2011,"China",240,"Warhead Stockpiles"
"1190",2011,"France",300,"Warhead Stockpiles"
"1191",2011,"India",90,"Warhead Stockpiles"
"1192",2011,"Israel",80,"Warhead Stockpiles"
"1193",2011,"North Korea",0,"Warhead Stockpiles"
"1194",2011,"Pakistan",100,"Warhead Stockpiles"
"1195",2011,"Russia",4858,"Warhead Stockpiles"
"1196",2011,"South Africa",0,"Warhead Stockpiles"
"1197",2011,"United Kingdom",225,"Warhead Stockpiles"
"1198",2011,"United States",4897,"Warhead Stockpiles"
"1199",2011,"China",0,"Nuclear Tests"
"1200",2011,"France",0,"Nuclear Tests"
"1201",2011,"India",0,"Nuclear Tests"
"1202",2011,"North Korea",0,"Nuclear Tests"
"1203",2011,"Pakistan",0,"Nuclear Tests"
"1204",2011,"Russia",0,"Nuclear Tests"
"1205",2011,"United Kingdom",0,"Nuclear Tests"
"1206",2011,"United States",0,"Nuclear Tests"
"1207",2012,"China",240,"Warhead Stockpiles"
"1208",2012,"France",300,"Warhead Stockpiles"
"1209",2012,"India",100,"Warhead Stockpiles"
"1210",2012,"Israel",80,"Warhead Stockpiles"
"1211",2012,"North Korea",0,"Warhead Stockpiles"
"1212",2012,"Pakistan",110,"Warhead Stockpiles"
"1213",2012,"Russia",4750,"Warhead Stockpiles"
"1214",2012,"South Africa",0,"Warhead Stockpiles"
"1215",2012,"United Kingdom",225,"Warhead Stockpiles"
"1216",2012,"United States",4881,"Warhead Stockpiles"
"1217",2012,"China",0,"Nuclear Tests"
"1218",2012,"France",0,"Nuclear Tests"
"1219",2012,"India",0,"Nuclear Tests"
"1220",2012,"North Korea",0,"Nuclear Tests"
"1221",2012,"Pakistan",0,"Nuclear Tests"
"1222",2012,"Russia",0,"Nuclear Tests"
"1223",2012,"United Kingdom",0,"Nuclear Tests"
"1224",2012,"United States",0,"Nuclear Tests"
"1225",2013,"China",250,"Warhead Stockpiles"
"1226",2013,"France",300,"Warhead Stockpiles"
"1227",2013,"India",110,"Warhead Stockpiles"
"1228",2013,"Israel",80,"Warhead Stockpiles"
"1229",2013,"North Korea",0,"Warhead Stockpiles"
"1230",2013,"Pakistan",115,"Warhead Stockpiles"
"1231",2013,"Russia",4650,"Warhead Stockpiles"
"1232",2013,"South Africa",0,"Warhead Stockpiles"
"1233",2013,"United Kingdom",225,"Warhead Stockpiles"
"1234",2013,"United States",4804,"Warhead Stockpiles"
"1235",2013,"China",0,"Nuclear Tests"
"1236",2013,"France",0,"Nuclear Tests"
"1237",2013,"India",0,"Nuclear Tests"
"1238",2013,"North Korea",1,"Nuclear Tests"
"1239",2013,"Pakistan",0,"Nuclear Tests"
"1240",2013,"Russia",0,"Nuclear Tests"
"1241",2013,"United Kingdom",0,"Nuclear Tests"
"1242",2013,"United States",0,"Nuclear Tests"
"1243",2014,"China",250,"Warhead Stockpiles"
"1244",2014,"France",300,"Warhead Stockpiles"
"1245",2014,"India",100,"Warhead Stockpiles"
"1246",2014,"Israel",80,"Warhead Stockpiles"
"1247",2014,"North Korea",0,"Warhead Stockpiles"
"1248",2014,"Pakistan",120,"Warhead Stockpiles"
"1249",2014,"Russia",4600,"Warhead Stockpiles"
"1250",2014,"South Africa",0,"Warhead Stockpiles"
"1251",2014,"United Kingdom",225,"Warhead Stockpiles"
"1252",2014,"United States",4717,"Warhead Stockpiles"
"1253",2014,"China",0,"Nuclear Tests"
"1254",2014,"France",0,"Nuclear Tests"
"1255",2014,"India",0,"Nuclear Tests"
"1256",2014,"North Korea",0,"Nuclear Tests"
"1257",2014,"Pakistan",0,"Nuclear Tests"
"1258",2014,"Russia",0,"Nuclear Tests"
"1259",2014,"United Kingdom",0,"Nuclear Tests"
"1260",2014,"United States",0,"Nuclear Tests"
"1261",2015,"China",260,"Warhead Stockpiles"
"1262",2015,"France",300,"Warhead Stockpiles"
"1263",2015,"India",110,"Warhead Stockpiles"
"1264",2015,"Israel",80,"Warhead Stockpiles"
"1265",2015,"North Korea",5,"Warhead Stockpiles"
"1266",2015,"Pakistan",125,"Warhead Stockpiles"
"1267",2015,"Russia",4500,"Warhead Stockpiles"
"1268",2015,"South Africa",0,"Warhead Stockpiles"
"1269",2015,"United Kingdom",225,"Warhead Stockpiles"
"1270",2015,"United States",4571,"Warhead Stockpiles"
"1271",2015,"China",0,"Nuclear Tests"
"1272",2015,"France",0,"Nuclear Tests"
"1273",2015,"India",0,"Nuclear Tests"
"1274",2015,"North Korea",0,"Nuclear Tests"
"1275",2015,"Pakistan",0,"Nuclear Tests"
"1276",2015,"Russia",0,"Nuclear Tests"
"1277",2015,"United Kingdom",0,"Nuclear Tests"
"1278",2015,"United States",0,"Nuclear Tests"
"1279",2016,"China",260,"Warhead Stockpiles"
"1280",2016,"France",300,"Warhead Stockpiles"
"1281",2016,"India",120,"Warhead Stockpiles"
"1282",2016,"Israel",80,"Warhead Stockpiles"
"1283",2016,"North Korea",10,"Warhead Stockpiles"
"1284",2016,"Pakistan",130,"Warhead Stockpiles"
"1285",2016,"Russia",4490,"Warhead Stockpiles"
"1286",2016,"South Africa",0,"Warhead Stockpiles"
"1287",2016,"United Kingdom",225,"Warhead Stockpiles"
"1288",2016,"United States",4018,"Warhead Stockpiles"
"1289",2016,"China",0,"Nuclear Tests"
"1290",2016,"France",0,"Nuclear Tests"
"1291",2016,"India",0,"Nuclear Tests"
"1292",2016,"North Korea",2,"Nuclear Tests"
"1293",2016,"Pakistan",0,"Nuclear Tests"
"1294",2016,"Russia",0,"Nuclear Tests"
"1295",2016,"United Kingdom",0,"Nuclear Tests"
"1296",2016,"United States",0,"Nuclear Tests"
"1297",2017,"China",270,"Warhead Stockpiles"
"1298",2017,"France",300,"Warhead Stockpiles"
"1299",2017,"India",130,"Warhead Stockpiles"
"1300",2017,"Israel",80,"Warhead Stockpiles"
"1301",2017,"North Korea",15,"Warhead Stockpiles"
"1302",2017,"Pakistan",140,"Warhead Stockpiles"
"1303",2017,"Russia",4300,"Warhead Stockpiles"
"1304",2017,"South Africa",0,"Warhead Stockpiles"
"1305",2017,"United Kingdom",225,"Warhead Stockpiles"
"1306",2017,"United States",3822,"Warhead Stockpiles"
"1307",2017,"China",0,"Nuclear Tests"
"1308",2017,"France",0,"Nuclear Tests"
"1309",2017,"India",0,"Nuclear Tests"
"1310",2017,"North Korea",1,"Nuclear Tests"
"1311",2017,"Pakistan",0,"Nuclear Tests"
"1312",2017,"Russia",0,"Nuclear Tests"
"1313",2017,"United Kingdom",0,"Nuclear Tests"
"1314",2017,"United States",0,"Nuclear Tests"
"1315",2018,"China",280,"Warhead Stockpiles"
"1316",2018,"France",300,"Warhead Stockpiles"
"1317",2018,"India",140,"Warhead Stockpiles"
"1318",2018,"Israel",80,"Warhead Stockpiles"
"1319",2018,"North Korea",20,"Warhead Stockpiles"
"1320",2018,"Pakistan",150,"Warhead Stockpiles"
"1321",2018,"Russia",4350,"Warhead Stockpiles"
"1322",2018,"South Africa",0,"Warhead Stockpiles"
"1323",2018,"United Kingdom",225,"Warhead Stockpiles"
"1324",2018,"United States",3785,"Warhead Stockpiles"
"1325",2018,"China",0,"Nuclear Tests"
"1326",2018,"France",0,"Nuclear Tests"
"1327",2018,"India",0,"Nuclear Tests"
"1328",2018,"North Korea",0,"Nuclear Tests"
"1329",2018,"Pakistan",0,"Nuclear Tests"
"1330",2018,"Russia",0,"Nuclear Tests"
"1331",2018,"United Kingdom",0,"Nuclear Tests"
"1332",2018,"United States",0,"Nuclear Tests"
"1333",2019,"China",290,"Warhead Stockpiles"
"1334",2019,"France",300,"Warhead Stockpiles"
"1335",2019,"India",140,"Warhead Stockpiles"
"1336",2019,"Israel",80,"Warhead Stockpiles"
"1337",2019,"North Korea",25,"Warhead Stockpiles"
"1338",2019,"Pakistan",150,"Warhead Stockpiles"
"1339",2019,"Russia",4330,"Warhead Stockpiles"
"1340",2019,"South Africa",0,"Warhead Stockpiles"
"1341",2019,"United Kingdom",225,"Warhead Stockpiles"
"1342",2019,"United States",3805,"Warhead Stockpiles"
"1343",2019,"China",0,"Nuclear Tests"
"1344",2019,"France",0,"Nuclear Tests"
"1345",2019,"India",0,"Nuclear Tests"
"1346",2019,"North Korea",0,"Nuclear Tests"
"1347",2019,"Pakistan",0,"Nuclear Tests"
"1348",2019,"Russia",0,"Nuclear Tests"
"1349",2019,"United Kingdom",0,"Nuclear Tests"
"1350",2019,"United States",0,"Nuclear Tests"
"1351",2020,"China",350,"Warhead Stockpiles"
"1352",2020,"France",290,"Warhead Stockpiles"
"1353",2020,"India",150,"Warhead Stockpiles"
"1354",2020,"Israel",90,"Warhead Stockpiles"
"1355",2020,"North Korea",35,"Warhead Stockpiles"
"1356",2020,"Pakistan",160,"Warhead Stockpiles"
"1357",2020,"Russia",4310,"Warhead Stockpiles"
"1358",2020,"South Africa",0,"Warhead Stockpiles"
"1359",2020,"United Kingdom",225,"Warhead Stockpiles"
"1360",2020,"United States",3750,"Warhead Stockpiles"
"1361",2020,"China",0,"Nuclear Tests"
"1362",2020,"France",0,"Nuclear Tests"
"1363",2020,"India",0,"Nuclear Tests"
"1364",2020,"North Korea",0,"Nuclear Tests"
"1365",2020,"Pakistan",0,"Nuclear Tests"
"1366",2020,"Russia",0,"Nuclear Tests"
"1367",2020,"United Kingdom",0,"Nuclear Tests"
"1368",2020,"United States",0,"Nuclear Tests"
"1369",2021,"China",370,"Warhead Stockpiles"
"1370",2021,"France",290,"Warhead Stockpiles"
"1371",2021,"India",160,"Warhead Stockpiles"
"1372",2021,"Israel",90,"Warhead Stockpiles"
"1373",2021,"North Korea",20,"Warhead Stockpiles"
"1374",2021,"Pakistan",165,"Warhead Stockpiles"
"1375",2021,"Russia",4495,"Warhead Stockpiles"
"1376",2021,"South Africa",0,"Warhead Stockpiles"
"1377",2021,"United Kingdom",225,"Warhead Stockpiles"
"1378",2021,"United States",3708,"Warhead Stockpiles"
"1379",2021,"China",0,"Nuclear Tests"
"1380",2021,"France",0,"Nuclear Tests"
"1381",2021,"India",0,"Nuclear Tests"
"1382",2021,"North Korea",0,"Nuclear Tests"
"1383",2021,"Pakistan",0,"Nuclear Tests"
"1384",2021,"Russia",0,"Nuclear Tests"
"1385",2021,"United Kingdom",0,"Nuclear Tests"
"1386",2021,"United States",0,"Nuclear Tests"
"1387",2022,"China",390,"Warhead Stockpiles"
"1388",2022,"France",290,"Warhead Stockpiles"
"1389",2022,"India",160,"Warhead Stockpiles"
"1390",2022,"Israel",90,"Warhead Stockpiles"
"1391",2022,"North Korea",25,"Warhead Stockpiles"
"1392",2022,"Pakistan",165,"Warhead Stockpiles"
"1393",2022,"Russia",4477,"Warhead Stockpiles"
"1394",2022,"South Africa",0,"Warhead Stockpiles"
"1395",2022,"United Kingdom",225,"Warhead Stockpiles"
"1396",2022,"United States",3708,"Warhead Stockpiles"
"1397",2022,"China",0,"Nuclear Tests"
"1398",2022,"France",0,"Nuclear Tests"
"1399",2022,"India",0,"Nuclear Tests"
"1400",2022,"North Korea",0,"Nuclear Tests"
"1401",2022,"Pakistan",0,"Nuclear Tests"
"1402",2022,"Russia",0,"Nuclear Tests"
"1403",2022,"United Kingdom",0,"Nuclear Tests"
"1404",2022,"United States",0,"Nuclear Tests"
"1405",2023,"China",410,"Warhead Stockpiles"
"1406",2023,"France",290,"Warhead Stockpiles"
"1407",2023,"India",164,"Warhead Stockpiles"
"1408",2023,"Israel",90,"Warhead Stockpiles"
"1409",2023,"North Korea",30,"Warhead Stockpiles"
"1410",2023,"Pakistan",170,"Warhead Stockpiles"
"1411",2023,"Russia",4489,"Warhead Stockpiles"
"1412",2023,"South Africa",0,"Warhead Stockpiles"
"1413",2023,"United Kingdom",225,"Warhead Stockpiles"
"1414",2023,"United States",3708,"Warhead Stockpiles"
